clusterhead_1,clusterhead_2,distance
11,12,62.071069
11,15,272.066406
11,20,52.493231
11,34,234.349888
11,42,183.624895
11,74,405.930709
12,15,210.008021
12,20,97.670302
12,34,179.604585
12,42,161.888404
12,74,376.495350
15,20,300.123791
15,34,116.926604
15,42,243.882149
15,74,352.563315
20,34,242.318245
20,42,160.840717
20,74,381.533177
34,42,137.234131
34,74,246.915078
42,74,222.585653
